{
  "CSRT": {
    "tracker": "CSRT",
    "frames_processed": 300,
    "avg_fps": 25.0,
    "min_fps": 13.80567745642106,
    "max_fps": 31.0891656356074,
    "avg_latency_ms": 41.16476816134631,
    "std_latency_ms": 5.306263108427397,
    "max_latency_ms": 72.43396806542783,
    "min_latency_ms": 32.16554640677357,
    "p95_latency_ms": 48.81035266522113,
    "p99_latency_ms": 62.88684342772828,
    "avg_cpu_percent": 32.63987971399652,
    "max_cpu_percent": 56.22792432193285,
    "avg_ram_mb": 151.83634512031915,
    "max_ram_mb": 213.9907469399421,
    "avg_gpu_util": 0.0,
    "max_gpu_util": 0.0,
    "avg_gpu_memory_mb": 0.0,
    "max_gpu_memory_mb": 0.0,
    "baseline_ram_mb": 150,
    "latency_variance": 9
  },
  "OSTrack": {
    "tracker": "OSTrack",
    "frames_processed": 300,
    "avg_fps": 62.5,
    "min_fps": 19.021650974343263,
    "max_fps": 19822.15836631476,
    "avg_latency_ms": 16.675583922854138,
    "std_latency_ms": 7.707210426224093,
    "max_latency_ms": 52.571672214405446,
    "min_latency_ms": 0.05044859300990012,
    "p95_latency_ms": 29.56194226443307,
    "p99_latency_ms": 34.449933113877925,
    "avg_cpu_percent": 23.752633693058876,
    "max_cpu_percent": 51.390281498102354,
    "avg_ram_mb": 515.0217881426997,
    "max_ram_mb": 736.7500205864163,
    "avg_gpu_util": 47.19446706864411,
    "max_gpu_util": 85.90376861531009,
    "avg_gpu_memory_mb": 2116.990726446263,
    "max_gpu_memory_mb": 2678.5989901180455,
    "baseline_ram_mb": 520,
    "latency_variance": 64
  },
  "SiamRPN++": {
    "tracker": "SiamRPN++",
    "frames_processed": 300,
    "avg_fps": 38.46153846153846,
    "min_fps": 17.577608616620857,
    "max_fps": 86.11318770557784,
    "avg_latency_ms": 26.52639563157222,
    "std_latency_ms": 6.852123855552653,
    "max_latency_ms": 56.890560133101964,
    "min_latency_ms": 11.612623184023956,
    "p95_latency_ms": 37.17699497113409,
    "p99_latency_ms": 54.02461742785397,
    "avg_cpu_percent": 28.769078989570346,
    "max_cpu_percent": 55.45035055348166,
    "avg_ram_mb": 314.87706924274875,
    "max_ram_mb": 503.3640902236057,
    "avg_gpu_util": 30.745289363696852,
    "max_gpu_util": 60.24008549301657,
    "avg_gpu_memory_mb": 1414.1591731611938,
    "max_gpu_memory_mb": 1860.2962362964017,
    "baseline_ram_mb": 310,
    "latency_variance": 36
  },
  "DiMP": {
    "tracker": "DiMP",
    "frames_processed": 300,
    "avg_fps": 32.25806451612903,
    "min_fps": 14.53252549071217,
    "max_fps": 435.27978639067385,
    "avg_latency_ms": 32.02423756009805,
    "std_latency_ms": 8.611562801690123,
    "max_latency_ms": 68.81116435261761,
    "min_latency_ms": 2.2973729340660825,
    "p95_latency_ms": 48.25399117405974,
    "p99_latency_ms": 58.95732461661881,
    "avg_cpu_percent": 31.369978511511725,
    "max_cpu_percent": 65.17739623293451,
    "avg_ram_mb": 286.5440043973167,
    "max_ram_mb": 411.61119480736284,
    "avg_gpu_util": 38.47361619219458,
    "max_gpu_util": 58.86899266928516,
    "avg_gpu_memory_mb": 1588.9471735951595,
    "max_gpu_memory_mb": 2009.5041096503364,
    "baseline_ram_mb": 280,
    "latency_variance": 49
  }
}